Name,Size,Speed,Melee,Ranged,SpecialAttacks,Senses,Immune,Resist,Weaknesses,HP_Mods,DR,Space,Reach,CR,XP,Race,Class,MonsterSource,Alignment,Type,SubType,Init,Aura,AC,AC_Mods,HP,HD,Saves,Fort,Ref,Will,Save_Mods,DefensiveAbilities,SR,Speed_Mod,SpellLikeAbilities,SpellsKnown,SpellsPrepared,SpellDomains,AbilitiyScores,AbilitiyScore_Mods,BaseAtk,CMB,CMD,Feats,Skills,RacialMods,Languages,SQ,Environment,Organization,Treasure,Description_Visual,Group,Source,IsTemplate,SpecialAbilities,Description,FullText,Gender,Bloodline,Morale,Gear,Vulnerability,CharacterFlag,CompanionFlag,Fly,Climb,Burrow,Swim,Land
Mu Spore,Colossal,"40 ft., fly 30 ft. (perfect)","bite +32 (6d6+16/19-20 plus grab), 4 tentacles +27  (3d8+8/19-20 plus grab)",,"spore cough, constrict (3d8+16), swallow whole (20d8 acid, AC 28, 41 hp)","blindsight 240 ft., low-light vision","acid, plant traits",acid 30,,fast healing 10,10/epic,30 ft.,30 ft. (60 ft. with tentacle),21,409600,,,,CN,plant,,3,,"37, touch 1, flat-footed 37","(-1 Dex, +36 natural, -8 size)",418,(31d8+279),"Fort +26, Ref +11, Will +19",26,11,19,,grasping tendrils,,,,,,,"Str 42, Dex 9, Con 29, Int 18, Wis 28, Cha 29",,23,+47 (+51 grapple),56 (can't be tripped),"Awesome Blow, Critical Focus, Greater Bull Rush, Greater Vital Strike, Improved Bull Rush, Improved Critical (bite), Improved Critical (tentacles), Improved Initiative, Improved Lightning Reflexes, Improved Vital Strike, Lightning Reflexes, Power Attack, Staggering Critical, Vital Strike, Weapon Focus (bite), Weapon Focus (tentacles)","Fly +33, Knowledge (dungeoneering) +35, Knowledge (geography) +35, Knowledge (nature) +35, Perception +43, Sense Motive +40",,"Aklo,  Common, Terran,  Undercommon",, any,solitary or pair,standard,"Tentacles and eyes cover this floating, fungoid monster, and its vast mouth opens like a toothy cavern.",,PFRPG Bestiary 2,0,"Grasping Tendrils (Ex) Sticky, arm-length tendrils cover a mu spore. A mu spore can use these tendrils to attempt a grab as an immediate action when an adjacent creature hits it with a melee attack. As it is only using the tendrils (instead of conducting the grapple normally), it takes a -20 penalty to its CMB to make and maintain the grapple (+31 CMB with tendrils). The mu spore does not gain the grappled condition while grappling a creature with its tendrils.  Spore Cough (Su) Once every 1d4 rounds as a standard action, a mu spore can release a cloud of burrowing spores in a 100-foot cone. The burrowing spores deal 20d8 points of damage to all creatures and wooden structures in the area, or half damage to any creatures that make a DC 34 Reflex save.  Plants and plant creatures are immune to this damage. The save DC is Constitution-based.",,,,,,,,0,0,1,0,0,0,1
Sard,Colossal,"50 ft., climb 30 ft.",2 slams +25 (4d10+16/19-20 plus 4d6 electricity),4 thorns +17 (2d8+16 plus poison),,"blindsight 30 ft., darkvision 60 ft., low-light  vision, tremorsense 30 ft.","electricity, plant traits","cold 30, fire 30",vulnerable to sonic,fast healing 10,15/cold iron and slashing,30 ft.,30 ft.,19,204800,,,,CE,plant,,8,,"34, touch 10, flat-footed 26","(+8 Dex, +24 natural, -8 size)",333,(23d8+230),"Fort +23, Ref +17, Will +13",23,17,13,,"death throes, electrical jolt",30,,"Spell-Like Abilities (CL 20th; concentration +27)  At will-control weather, lightning bolt (DC 20), tree shape (Colossal tree), transport via plants  3/day-chain lightning (DC 23), quickened lightning bolt (DC 20)  1/day-storm of vengeance (DC 26), whirlwind (DC 25)",,,,"Str 42, Dex 27, Con 30, Int 9, Wis 22, Cha 25",,17,41,59 (67 vs. trip),"Awesome Blow, Improved Bull Rush, Improved Critical (slam), Improved Lightning Reflexes, Improved Precise Shot, Improved Sunder, Lightning Reflexes, Point- Blank Shot, Power Attack, Precise Shot, Quicken Spell-Like Ability (lightning bolt), Vital Strike","Climb +24, Perception +32",,"Aklo, Sylvan",planar acclimation, any forests,solitary,triple,This wriggling and leaf less tree moves on spidery legs. Flickering motes of blood-red lightning dance in the cracks of its bark.,,PFRPG Bestiary 2,0,"Death Throes (Su) When a sard dies, its remains explode with a blast of lightning into razor-sharp splinters of wood. All creatures within 30 feet of a sard when it explodes in this manner take 12d6 points of electricity damage and 12d6 points of piercing damage. A DC 31 Reflex save halves this damage. The save DC is Constitution-based.  Electrical Jolt (Su) Every time a creature strikes a sard with a metal melee weapon, arcs of electricity deal 1d10 points of damage to the attacker.  Planar Acclimation (Ex) A sard is always considered to be on its home plane, regardless of what plane it finds itself upon.  It never gains the extraplanar subtype.  Poison (Ex) Thorn-injury; save Fort DC 31; frequency 1/ round for 6 rounds; effect 1d2 Dex and 4d6 electricity; cure 2 consecutive saves.",,,,,,,,0,0,0,1,0,0,1
Vireseed Swarm,Fine,"5 ft., fly 30 ft. (perfect)",swarm (2d6 plus infestation),,distraction (DC 17),blindsense 60 ft.,"plant traits, weapon damage",,vulnerable to fire,,,10 ft.,0 ft.,5,1600,,,,N,plant,(swarm),1,,"19, touch 19, flat-footed 18","(+1 Dex, +8 size)",51,(7d8+35),"Fort +9, Ref +3, Will +2",9,3,2,,swarm traits,,,,,,,"Str 1, Dex 13, Con 18, Int -, Wis 10, Cha 13",,5,0,0,,"Climb +3, Fly +9, Perception +0",modifies Climb with Dexterity,,, any,"solitary, flight (2-4 swarms), or cloud (5-7 swarms)",none,"A wave of wing-like seedpods whips through the air, each tipped by a miniscule thorn and propelled by a rapidly lashing tendril.",,AP 39,0,"Infestation (Ex) Swarm-injury; save Fort DC 17; onset immediate; frequency 1/round for 3 rounds; effect 1 Con damage; cure applying flame to the infested character deals 1d6 points of fire damage but immediately destroys the infestation; blight, reduce plants, and remove disease also automatically destroy the infestation. (See page 245 of the GameMastery Guide for more details on infestations.)",,,,,,,,0,0,1,0,0,0,1
Tobongo,Gargantuan,40 ft.,2 slams +19 (4d6+12/19-20 plus grab),rock +6 (4d6+18),"curse of barkflesh, rock throwing (240 ft.), shake the earth, trample (4d6+18, DC 29)",low-light vision,,,vulnerability to fire,,10/slashing,20 ft.,20 ft.,12,19200,,,,N,plant,,-1,,"27, touch 5, flat-footed 27","(-1 Dex, +22 natural, -4 size)",175,(14d8+112),"Fort +17, Ref +3, Will +9",17,3,9,,plant traits,,,"Spell-Like Abilities (CL 11th, concentration +15) At will-entangle (DC 15)",,,,"Str 35, Dex 8, Con 26, Int 14, Wis 16, Cha 18",,10,+26 (+28 to sunder),35 (37 vs. sunder),"Alertness, Improved Critical (slam), Improved Natural Attack (slam), Improved Sunder, Iron Will, Power Attack, Weapon Focus (slam)","Diplomacy +14, Intimidate +16, Knowledge (local) +14, Knowledge (nature) +14, Perception +12, Sense Motive +9, Stealth -8 (+8 in forests)",+16 Stealth in forests,"Polyglot, Sylvan, Treant; treespeech","animate trees, double damage against objects", warm jungles  solitary or grove (2-7),,standard,"Tearing its elephantine roots free from the soil, an enormous tree unfurls long, tangled branches into arms ending in massive claws.",Tobongo (Mwangi Treant),Heart of the Jungle,0,"Animate Trees (Sp) A tobongo can animate any trees within 180 feet at will, controlling up to two trees at a time. It takes 1 full round for a tree to uproot itself, after which it moves at a speed of 10 feet and fights as a standard treant, gaining the treant's vulnerability to fire (although it has only one slam attack and lacks the treant's animation and rock-throwing abilities). If the tobongo that animated it terminates the animation, moves out of range, or is incapacitated, the tree immediately takes root wherever it is and returns to its normal state. Curse of Barkflesh (Su) Following a successful grapple, a tobongo can dig its spiky branches into its victim, infecting him with a foul and potent curse. Unless he succeeds at a DC 20 Fortitude save, the victim's flesh immediately begins to harden and grow uncontrollably like tree bark, and he takes 1d4 points of Dexterity damage per day until his Dexterity reaches 0. At this point, the victim turns entirely stiff, grows roots, and transforms into a new, unintelligent tree, preventing any form of resurrection short of wish or miracle. The effect can be slowed by pruning the victim once per hour, slicing off the strange growths. Pruning inflicts 1d6 points of damage on the victim, but it negates the need to make a new Fortitude save. If the victim goes without pruning for more than an hour, the barkflesh takes over and he must immediately make the Fortitude save for the day or suffer the Dexterity damage. The save DC is Wisdom-based. Curse of Barkflesh: Grapple- injury; save Fort DC 20; frequency 1/ day; effect 1d4 Dex damage, when Dex reaches 0, target transforms into a tree. Double Damage Against Objects (Ex) A tobongo or animated tree that makes a full attack against an object or structure deals double damage. Shake the Earth (Ex) A rooted tobongo can, as a full-round action, uproot itself, buckling the surrounding earth in a 60-foot radius. Living creatures within the radius must make a DC 29 Reflex save or fall prone and take 1d6 points of damage. Man-made structures within the area of effect must make a DC 29 Fortitude save or take 4d6 points of structural damage. Once uprooted, the tobongo cannot use this action again until it re-roots itself. It takes the creature at least 1 hour to root effectively. The save DC is Strength-based. Treespeech (Ex) A tobongo has the ability to converse with plants as if subject to a continual speak with plants spell, and most plants greet it with an attitude of friendly or helpful.",,,,,,,,0,0,0,0,0,0,1
Zomok,Gargantuan,"40 ft., fly 100 ft. (poor)","2 claws +21 (2d6+12), bite +21 (2d8+12), 2 wings +16 (2d6+6), tail slap +16 (2d8+6)",,"entombing breath (60-ft. cone, 18d6 bludgeoning plus entangled, Reflex DC 31), swallow whole (6d6 bludgeoning damage, AC 23, 29 hp), trample (2d8+18, DC 31)","darkvision 120 ft., low-light vision, tremorsense 60 ft.","sonic, plant traits",,vulnerability to fire,,,20 ft.,15 ft. (20 ft. with tail),16,76800,,,,N,plant,(extraplanar),4,,"33, touch 6, flat-footed 33","(+27 natural, -4 size)",297,(18d8+216),"Fort +23, Ref +8, Will +14",23,8,14,,,,,"Spell-Like Abilities (CL 16th; concentration +19) Constant-pass without trace At will-command plants (DC 22), plant growth, quench (DC 21) 3/day-entangle (DC 19), liveoak, transmute mud to rock, transmute rock to mud, wall of thorns 1/day-shambler",,,,"Str 35, Dex 11, Con 34, Int 16, Wis 22, Cha 26",,13,29,39 (43 vs. trip),"Awesome Blow, Cleave, Improved Bull Rush, Improved Initiative, Improved Sunder, Iron Will, Lightning Reflexes, Power Attack, Snatch","Fly +8, Knowledge (nature) +21, Perception +27, Stealth +9, Survival +24",,"Common, Sylvan, Terran",tree step, any forest (First World),solitary,standard,"Resembling an enormous lizard composed entirely of organic plant matter, this beast shakes loose soil from its earthy wings and exhales dirt particles with every breath.",,AP 36,0,"Entombing Breath (Su) A zomok can use its breath weapon once every 1d4+1 rounds, blasting forth a 60-foot cone of flying dirt, bark, stones, and moss. This rain of earth and pulped vegetation deals 18d6 points of bludgeoning damage (Reflex save DC 31 for half). Those creatures that fail their Reflex saves and are also in contact with the ground are entangled by the debris, which quickly takes root. The creature is entangled for 1d6 rounds or until it breaks free of the clinging vegetation with a DC 31 Strength or Escape Artist check. The check and save DCs are Constitution-based. Creatures slain by a zomok's breath weapon instantly decompose, and their bodies are utterly destroyed. This makes resurrecting such creatures difficult, but not impossible, requiring a true resurrection or greater spell, or a resurrection or similar spell cast directly on the spot where the creature died. Dirt or similar debris from the spot do not count as remains for the purpose of resurrection. Tree Step (Su) As a standard action, a zomok in a forest area may teleport up to 120 feet by moving the essence of its being to another forested area. The zomok is cured of 60 points of damage when it does this. It may use its tree stride power every 1d6+1 rounds but no more than three times per day. If the zomok has swallowed a foe, the foe is left behind when the creature teleports.",,,,,,,,0,0,1,0,0,0,1
"Fly Trap, (Giant)",Huge,10 ft.,4 bites +15 (1d8+7 plus grab),,engulf,"low-light vision, tremorsense 60 ft.","mind-affecting effects, paralysis, poison, polymorph, sleep, stun",acid 20,,,,15 ft.,15 ft.,10,9600,,,,N,plant,,8,,"22, touch 12, flat-footed 18","(+4 Dex, +10 natural, -2 size)",149,(13d8+91),"Fort +17, Ref +8, Will +5",17,8,5,,,,,,,,,"Str 25, Dex 18, Con 25, Int 1, Wis 12, Cha 6",,9,+18 (+22 grapple),32 (can't be tripped),"Cleave, Great Fortitude, Improved Initiative, Power Attack, Skill Focus (Stealth), Vital Strike, Weapon Focus (bite)","Perception +10, Stealth +9 (+17 in undergrowth)",+8 Stealth in undergrowth,,, temperate swamps,"solitary, pair, or grove (3-6)",incidental,"This towering plant is a mass of vines and barbs. Several stalks are horribly mobile, each ending in a set of green, toothy jaws.",Flytrap,PFRPG Bestiary,0,"Engulf (Ex) If a giant flytrap begins its turn with an opponent at least two size categories smaller than itself grappled in one of its mouths, it can close its jaws completely around the foe by making a new combat maneuver check (as though attempting to pin the foe). If it succeeds, it engulfs the prey and inflicts 1d8+7 points of damage and 2d6 acid damage as the cavity floods with digestive enzymes.  The seal formed is airtight, so an engulfed creature risks suffocation. Engulf is a special form of pinning, and an engulfed creature can escape in the same way as he can from being pinned, but since an engulfed creature is contained wholly inside the plant's jaws, the flytrap's victim cannot be targeted by effects or attacks that require line of sight or line of effect. A giant flytrap that is grappling or pinning a foe cannot attack other targets with that bite, but is not otherwise hindered.",,,,,,,,0,0,0,0,0,0,1
Hangman Tree,Huge,10 ft.,3 vines +11 (1d6+7 plus grab and pull),,"constrict (1d6+7), hallucinatory spores, pull (vine, 5 feet), strangle, swallow whole (2d6+7 acid damage, AC 16, 7 hp), vines",blindsight 60 ft.,plant traits,,vulnerable to electricity,,,15 ft.,15 ft.,7,3200,,,,NE,plant,,3,,"20, touch 7, flat-footed 20","(-1 Dex, +13 natural, -2 size)",84,(8d8+48),"Fort +12, Ref +3, Will +5",12,3,5,,,18,,,,,,"Str 25, Dex 8, Con 23, Int 7, Wis 12, Cha 10",,6,+15 (+19 grapple),24,"Improved Initiative, Iron Will, Lightning Reflexes, Skill Focus (Perception)","Perception +11, Stealth -2",,Sylvan,, temperate forests,solitary or pair,standard,"This sinister tree looms above a field strewn with bones. Numerous leafy vines, their tips looped into nooses, hang from its branches.",,PFRPG Bestiary 2,0,"Hallucinatory Spores (Ex) Once per day as a standard action, a hangman tree can release a cloud of spores in a 50-foot-radius spread. Creatures in the area must make a DC 20 Will save or believe the hangman tree to be a perfectly ordinary tree-or at worst, a treant or some other friendly tree-like creature. An affected creature becomes passive for 2d6 minutes and refuses to attack the hangman tree during this time.  An affected creature can attempt a new Will save each round that the tree attacks an ally-if a hallucinating creature is attacked by the tree, it gains a +4 bonus on its Will save to see through the hallucination. This is a mind-affecting compulsion effect. The save DC is Constitution-based.  Vines (Ex) A hangman tree's vines are primary attacks that deal bludgeoning damage. When a hangman tree grapples a foe with its vines, the tree does not gain the grappled condition. A hangman tree that uses swallow whole transfers a pinned creature from a vine to inside its trunk.",,,,,,,,0,0,0,0,0,0,1
Jinmenju,Huge,10 ft.,"bite +15 (2d6+8/19-20), 2 slams +16 (1d8+8)",,"enticing head-fruits, intoxicating stench","all-around vision, blindsight 60 ft., low-light vision","poison, plant traits",,,,,15 ft.,15 ft.,11,12800,,,,N,plant,,3,"unsettling drone (30 ft., DC 18)","25, touch 7, flat-footed 25","(-1 Dex, +18 natural, -2 size)",136,(13d8+78),"Fort +14, Ref +5, Will +5",14,5,5,,,,,"Spell-Like Abilities (CL 13th; concentration +15)  At Will-reach share memory* (DC 14)  3/day-sculpt sound (DC 15), shout (DC 16)",,,,"Str 27, Dex 8, Con 22, Int 7, Wis 12, Cha 15",,9,19,28,"Combat Reflexes, Improved Critical (bite), Improved Initiative, Lightning Reflexes, Lunge, Reach Spell** (share memory), Weapon Focus (slam)",Perception +17,,Common  ** See the Advanced Player's Guide.,, temperate hills or mountains,solitary,incidental,"A low hum surrounds this huge, gnarled tree. The rotten fruits that hang from its sickly branches look vaguely like human heads, and each fleshy melon drips with a thick rope of ooze.",,AP 54,0,"Enticing Head-Fruits (Su) A jinmenju's head-fruits produce powerful toxins that cause hallucinations and compel nearby creatures to eat the rotten melons. As a swift action, a jinmenju can alter the appearance of any of its head-fruits to take on the particular face of any creature the tree has seen or has memory of. If it cannot determine what kind of face or form would be most appealing to a particular target by using its share memory spell-like ability, a jinmenju makes its head-fruit take the appearance of a delicious-looking melon. A jinmenju can alter its head-fruits into any combination of up to a maximum of six faces or shapes at one time. Any creature that begins its turn within 5 feet of a head-fruit must succeed at a DC 22 Will save or be magically compelled to immediately grab the head-fruit and eat it as soon as possible. This is a mind-affecting compulsion effect. A creature that successfully saves is immune to that jinmenju's enticing head-fruits for 24 hours. A head-fruit removed from a jinmenju's branch retains some of the tree's magic and maintains its shape for 1d3 hours before reverting to its natural form. The save DC is Constitution-based. In addition to tasting terrible, a jinmenju's head-fruits are incredibly poisonous, and anyone who takes a bite out of one suffers from the following effect.  Head-Fruit Poison: Head-fruit-ingested; save Fort DC 22; frequency 1/round for 6 round; effect 1d3 Wisdom damage and confused for 1 round; cure 2 consecutive saves. The save DC is Constitution-based.  Intoxicating Stench (Su) Once per day as a swift action, a jinmenju can cause its fruit to immediately begin to ferment, emitting an unnaturally sweet aroma in a 60- foot spread that draws creatures toward the tree. Once activated, the aroma persists for 6 rounds unless dispersed by moderate or stronger wind. All creatures within the area must succeed at a DC 22 Will save each round or become captivated. Once a creature becomes captivated, it takes no actions save to approach the jinmenju via the most direct route possible. If this path leads it into a dangerous area, such as through fire or off a cliff, that creature receives a second saving throw to end the effect before moving into peril. A victim that is attacked by the jinmenju gets a new saving throw as a free action during each of the jinmenju's attacks to overcome the effect. This is a mind-affecting effect. The save DC is Constitution-based.  Unsettling Drone (Su) A jinmenju's numerous head-fruits emit a low, persistent hum that unnerves any living creature who hears it. Any creature within 30 feet of a jinmenju must succeed at a DC 18 Will save or become shaken until it leaves the affected area and for 1d4 rounds thereafter. A creature that successfully saves is immune to that jinmenju's unsettling drone for 24 hours. The save DC is Charisma-based.",,,NULL,,NULL,,,0,0,0,0,0,0,1
Moonflower,Huge,20 ft.,"bite +15 (2d6+9 plus grab), 2 tentacles +13 (1d8+4)",,"light pulse, pod prison","darkvision 60 ft., low-light vision","electricity, plant traits",cold 10,vulnerable to fire,fast healing 5,10/slashing,15 ft.,15 ft.,8,4800,,,,N,plant,,4,,"21, touch 8, flat-footed 21",", +13 natural, -2 size)",104,(11d8+55),"Fort +12, Ref +3, Will +4",12,3,4,,,,,,,,,"Str 28, Dex 10, Con 21, Int 5, Wis 12, Cha 17",,8,+19 (+23 grapple),29 (can't be tripped),"Blind-Fight, Improved Initiative, Improved Sunder, Multiattack, Power Attack, Skill Focus (Stealth)","Perception +9, Stealth +4 (+20 in thick vegetation)",+16 Stealth in thick vegetation,"telepathy (1 mile,  other moonflowers only)",pod spawn, any land,solitary or cluster (2-8),standard,A twisted trunk clustered with bulbous blossoms holds up a gaping mouth ready to swallow a victim whole.,,PFRPG Bestiary 2,0,"Light Pulse (Su) As a standard action, a moonflower can release a pulse of bright light. All creatures within a 50- foot burst that can see the moonflower must make a DC 20 Fortitude save or be blinded for 1d4 rounds. Moonflowers are immune to this ability. The save DC is Constitution-based.  Pod Prison (Ex) This works like the swallow whole ability, except the moonflower can only use it once every 1d4 rounds, and the swallowed creature is immediately wrapped in a tight digestive cocoon and expelled into an adjacent square, where it takes damage every round (2d6 bludgeoning and 2d6 acid, AC 15, 25 hp). The cocooned target cannot use Escape Artist to get out of the cocoon. Other creatures can aid the target by attacking the cocoon with piercing or slashing weapons, but the creature within takes half the damage from any attack against the cocoon. Once the cocoon is destroyed, it deflates and decays. Each creature swallowed by a moonflower is encased in its own cocoon.  Pod Spawn (Ex) Should a moonflower's pod prison kill and digest a Small or larger creature, the pod transforms into an adult moonflower with full hit points after 1d4 hours. The newly formed moonflower has its own consciousness, but some aspect of its trunk or blossoms resembles the creature that died within. The dead creature's equipment remains inside the new moonflower and can be retrieved by killing it.",,,,,,,,0,0,0,0,0,0,1
Quickwood,Huge,10 ft.,"bite +14 (2d6+9), 3 roots +12 (1d6+4 plus pull)",,"pull (root, 10 ft.)","darkvision 120 ft., low-light vision, oaksight","electricity, fire, plant traits",,,,,5 ft.,15 ft. (60 ft. with root),8,4800,,,,N,plant,,3,"fear aura (variable distance, DC 20)","19, touch 7, flat-footed 19","(-1 Dex, +12 natural, -2 size)",95,(10d8+50),"Fort +12, Ref +2, Will +5",12,2,5,,spell absorption,19 (see spell absorption),,,,,,"Str 29, Dex 8, Con 21, Int 12, Wis 15, Cha 12",,7,18,27 (can't be tripped),"Improved Initiative, Lunge, Multiattack, Power Attack, Skill Focus (Perception)","Knowledge (nature) +11, Perception +21, Stealth +4 (+8 in forests)",+4 Stealth in forests,"Common, Sylvan",, temperate forests,solitary,standard,"Were it not for the image of a sinister face peeking out from its dark gray bark, this would look like any other ragged oak tree.",,PFRPG Bestiary 2,0,"Fear Aura (Su) A quickwood with stored magical energy can activate its fear aura as a standard action.  The aura has a radius of 10 feet per spell level of the effect and lasts for 1 round (Will DC 20 negates). Creatures that fail their saving throws become panicked for 1 minute. The DC is Charisma-based and includes a +4 racial bonus.  Oaksight (Su) A quickwood may observe the area surrounding any oak tree within 360 feet as if using clairaudience/clairvoyance. It can use this ability on any number of oak trees in the area.  Although the quickwood does not need line of sight to establish this link, if it does have line of sight to even a single oak tree, it cannot be flanked.  Roots (Ex) A quickwood has dozens of long roots, but can only attack with up to six of them in any given round. If the quickwood uses its pull ability to pull a target within reach of its bite attack, it can immediately make a free bite attack with a +4 bonus on its attack roll against that target.  Spell Absorption (Su) If a quickwood's spell resistance protects it from a magical effect, the creature absorbs that magical energy into its body. It can release this energy to activate its fear aura ability. While the plant is storing a spell, its SR decreases by 5. It can only store one spell at a time.",,,,,,,,0,0,0,0,0,0,1
Tendriculos,Huge,20 ft.,"bite +11 (2d6+7 plus grab), 2 tentacles +6 (1d6+3 plus grab)",,"paralysis (3d6 rounds, DC 18), swallow whole (2d6 acid damage plus paralysis, AC 15, 7 hp)",low-light vision,"acid, plant traits",,,regeneration 10 (bludgeoning or fire),,15 ft.,15 ft.,6,2400,,,,N,plant,,3,,"19, touch 7, flat-footed 19","(-1 Dex, +12 natural, -2 size)",76,(9d8+36),"Fort +10, Ref +4, Will +4",10,4,4,,,,,,,,,"Str 24, Dex 9, Con 18, Int 3, Wis 8, Cha 3",,6,+15 (+19 grapple),24 (can't be tripped),"Improved Initiative, Iron Will, Lightning Reflexes, Power Attack, Skill Focus (Stealth)","Perception +7, Stealth +1 (+9 in undergrowth)",+8 Stealth in undergrowth,Sylvan (cannot speak),, temperate or warm forests,"solitary, pair, or grove (3-6)",standard,"This plant's thick trunk is capped by a crown of wide leaves, whipping vines, mushrooms, and a ravenous purple maw.",,PFRPG Bestiary 2,0,,,,,,,,,0,0,0,0,0,0,1
Treant,Huge,30 ft.,2 slams +17 (2d6+9/19-20),rock +7 (2d6+13),"rock throwing (180 ft.), trample (2d6+13, DC 25)",low-light vision,plant traits,,vulnerability to fire,,10/slashing,15 ft.,15 ft.,8,4800,,,,NG,plant,,-1,,"21, touch 7, flat-footed 21","(-1 Dex, +14 natural, -2 size)",114,(12d8+60),"Fort +13, Ref +3, Will +9",13,3,9,,,,,,,,,"Str 29, Dex 8, Con 21, Int 12, Wis 16, Cha 13",,9,20,29,"Alertness, Improved Critical (slam), Improved Sunder, Iron Will, Power Attack, Weapon Focus (slam)","Diplomacy +9, Intimidate +9, Knowledge (nature) +9, Perception +12, Sense Motive +9, Stealth -9 (+7 in forests)",+16 Stealth in forests,"Common, Sylvan, Treant","animate trees, double damage against objects, treespeech", any forest,solitary or grove (2-7),standard,"This animated tree's bark is knotted into vaguely humanoid features, with branches for arms and roots for legs.",,PFRPG Bestiary,0,"Animate Trees (Sp) A treant can animate any trees within 180 feet at will, controlling up to two trees at a time. It takes 1 full round for a tree to uproot itself, after which it moves at a speed of 10 feet and fights as a treant (although it has only one slam attack and lacks the treant's animation and rockthrowing abilities), gaining the treant's vulnerability to fire. If the treant that animated it terminates the animation, moves out of range, or is incapacitated, the tree immediately takes root wherever it is and returns to its normal state. Double Damage Against Objects (Ex) A treant or animated tree that makes a full attack against an object or structure deals double damage. Treespeech (Ex) A treant has the ability to converse with plants as if subject to a continual speak with plants spell, and most plants greet them with an attitude of friendly or helpful.",,,,,,,,0,0,0,0,0,0,1
Umdhlebi,Huge,10 ft.,2 slam +21 (3d8+10/19-20 plus grab),,"compelling whisper, constrict (3d8+10)",tremorsense 60 ft.,plant traits,,fire,,10/magic slashing or bludgeoning,15 ft.,15 ft.,12,19200,,,,N,plant,,5,,"27, touch 9, flat-footed 26","(+1 Dex, +18 natural, -2 size)",178,(17d8+102),"Fort +15, Ref +8, Will +8",15,8,8,,,,,,,,,"Str 30, Dex 13, Con 20, Int 9, Wis 12, Cha 15",,12,+24 (+28 grapple),35,"Alertness, Improved Disarm, Improved Initiative, Improved Trip, Iron Will, Lightning Reflexes, Lunge, Power Attack, Toughness","Fly +0, Perception +12, Sense Motive +6, Stealth +0, Survival +4",,,"treacherous ground, writhing tendrils", tropical forests and jungles,solitary,standard,"What appeared at first glance to be the decaying husk of an enormous tree erupts into motion, as thick tendrils reach outward hungrily from all sides. Amid the jumble of motion, a subconscious whisper promises sleep and sweet rest to any that lie down at the thing's base.",,AP 41,0,"Compelling Whisper (Su) As a standard action, an umdhlebi can entice any humanoid creature within 30 feet to approach and lie down at the base of its trunk. This acts as a suggestion spell, but the umdhlebi can only compel this one action. A creature that makes a DC 20 Will save is unaffected, and is immune to the same umdhlebi's compelling whisper for 24 hours. An umdhlebi can also use this ability on creatures it is grappling, increasing the DC to 25. The save DC is Charisma-based.  Treacherous Ground (Ex) The mass of gnashing roots and stems at the base of an umdhlebi's trunk are constantly in motion. As a result, all squares within 5 feet of the umdhlebi's space are treated as difficult terrain for the purposes of movement through the area.  Writhing Tendrils (Ex) All umdhlebis have eight tendrils, but the creature can only make 2 slam attacks in a single round.  However, an umdhlebi can continue to make 2 slam attacks even while its other tendrils are grappling or constricting.  An umdhlebi can use this ability as long as it has two or more tendrils free to attack.",,,,,,,,0,0,0,0,0,0,1
Alraune,Large,40 ft.,4 vines +20 (1d10+7 plus grab and bleed),,"bleed (2d6), constrict (1d10+10), feed",low-light vision,plant traits,,,,,10 ft.,10 ft.,13,25600,,,,NE,plant,,5,"calming fragrance (60 ft., DC 24)","27, touch 10, flat-footed 26","(+1 Dex, +17 natural, -1 size)",199,(19d8+114),"Fort +17, Ref +9, Will +11",17,9,11,,,24,,"Spell-Like Abilities (CL 13th; concentration +18)   At Will-charm monster (DC 18), detect thoughts (DC 17), suggestion (DC 18)   3/day-quickened glitterdust (DC 17), hold monster (DC 20)   1/day-commune with nature, mind fog, wall of thorns",,,,"Str 24, Dex 13, Con 22, Int 10, Wis 17, Cha 21",,14,+22 (+26 grapple),33 (can't be tripped),"Alertness, Cleave, Deceitful, Great Cleave, Improved Initiative, Iron Will, Lightning Reflexes, Power Attack, Quicken Spell-Like Ability (glitterdust), Vital Strike","Bluff +16, Disguise +9, Knowledge (nature) +9, Perception +17, Sense Motive +14",,"Aklo, Common, Elven, Sylvan",, temperate forests,solitary,standard,"An attractive green-skinned woman sits in the depths of this enormous, sweet-smelling flower.",,PFRPG Bestiary 3,0,"Calming Fragrance (Su) A supernaturally sweet perfume that calms the nerves and blunts aggression constantly surrounds an alraune to a radius of 60 feet. Any creature in this area of effect must make a DC 24 Will save at the start of its turn to avoid falling under the effects of calm emotions for 1 round. Creatures that could be attracted to the alraune's current apparent gender take a -2 penalty on this Will save, while all other creatures gain a +2 bonus on the save. This is a mind-affecting effect. The save DC is Charisma-based.  Feed (Ex) An alraune's roots can feed on a helpless or willing target. At the end of an hour of feeding, the victim takes 1d6 points of both Constitution and Intelligence drain, and the alraune heals 3d6 points of damage.",,,NULL,,NULL,,,0,0,0,0,0,0,1
Ascomoid,Large,40 ft.,slam +8 (2d8+6),,"poison, spores, trample (2d8+6, DC 17)",tremorsense 60 ft.,plant traits,"electricity 10, fire 10",,,10/piercing,10 ft.,5 ft.,5,1600,,,,N,plant,,1,,"17, touch 10, flat-footed 16","(+1 Dex, +7 natural, -1 size)",52,(7d8+21),"Fort +8, Ref +3, Will +2",8,3,2,,,,,,,,,"Str 18, Dex 13, Con 17, Int -, Wis 11, Cha 1",,5,10,21 (can't be tripped),Improved OverrunB,,,,, underground,solitary or cluster (2-8),none,"This misshapen sphere of pale yellow-green fungus rolls with an unnerving speed, spewing clouds of foul spores as it advances.",,PFRPG Bestiary 3,0,"Poison (Ex) Spores-inhaled; save Fort DC 16; frequency 1/round for 6 rounds; effect 1d2 Str damage; cure 2 saves. The save DC is Constitution-based.  Spores (Ex) Once per round as a free action, an ascomoid can release a jet of deadly spores to a range of 30 feet. Upon impacting a solid surface, such as a wall or creature, the jet billows out into a cloud of spores that fills a 10-foot-radius spread. This cloud lasts for 1 round before dispersing. Any creature in the cloud must make a DC 16 Fortitude save or become nauseated as long as it remains in the cloud. Any creature that fails to save against this nausea is also exposed to the ascomoid's poison (see above). The save DC is Constitution-based.",,,NULL,,NULL,,,0,0,0,0,0,0,1
Assassin Vine,Large,5 ft.,slam +7 (1d8+7 plus grab),,"constrict (1d8+7), entangle","blindsight 30 ft., low-light vision","electricity, plant traits",cold 10 and fire 10,,,,10 ft.,10 ft.,3,800,,,,N,plant,,0,,"15, touch 9, flat-footed 15","(+6 natural, -1 size)",30,(4d8+12),"Fort +7, Ref +1, Will +2",7,1,2,,,,,,,,,"Str 20, Dex 10, Con 16, Int -, Wis 13, Cha 9",,3,+9 (+13 grapple),19 (can't be tripped),,,,,camouflage, temperate forests,"solitary, pair, or patch (3-6)",incidental,"This gnarled vine, as thick as a man's arm and bearing handshaped leaves, convulses across the ground in an unnatural slither.",,PFRPG Bestiary,0,"Camouflage (Ex) Since an assassin vine looks like a normal plant when at rest, a DC 20 Perception check is required to notice it before it attacks for the first time. Anyone with ranks in Survival or Knowledge (nature) can use either of those skills instead of Perception to notice the plant.  Entangle (Su) An assassin vine can, as a free action, cause plants within 30 feet of it to animate and grasp at foes. This ability is otherwise similar to entangle (CL 4th, DC 13). The save DC is Wisdom-based.",,,,,,,,0,0,0,0,0,0,1
Sargassum Fiend,Large,"20 ft., climb 20 ft., swim 40 ft.",2 slams +16 (2d8+7 plus grab),,"constrict (2d8+10), grab (Huge)","blindsense 60 ft., tremorsense 120 ft.",plant traits,cold 10,,,5/slashing,10 ft.,10 ft.,9,6400,,,,N,plant,(aquatic),6,"mirage (300 ft., DC 18)","24, touch 12, flat-footed 21","(+2 Dex, +1 dodge, +12 natural, -1 size)",123,(13d8+65),"Fort +15, Ref +8, Will +4",15,8,4,,,,,,,,,"Str 25, Dex 14, Con 20, Int 2, Wis 11, Cha 15",,9,+17 (+25 grapple),30 (can't be tripped),"Dodge, Great Fortitude, Improved Initiative, Lightning Reflexes, Skill Focus (Perception), Stealthy, Weapon Focus (slam)","Climb +19, Escape Artist +4, Perception +11, Stealth +7, Swim +15",,,, any oceans,"solitary, pair, or bed (3-8)","incidental (1d6 sargassum fiend bulbs, other treasure)","This shifting mass of green seaweed transforms from the shape of a humanoid back to a patch of algae, continually changing.",,PFRPG Bestiary 3,0,"Grab (Ex) A sargassum fiend can grab Huge or smaller foes, and has a +8 racial bonus on grapple checks rather than the normal +4 bonus most creatures with grab possess.  Mirage (Su) A sargassum fiend emits a powerful scent that causes specific, miragelike hallucinations. All creatures within 300 feet of a sargassum fiend must make a DC 18 Will save or become enraptured by the scent. An enraptured creature sees the monster as whatever would most compel it to approach. This might be a lost loved one, a child in need of help, an enchanting mermaid, the promise of dry land, and so on. The extent of this illusion functions as mirage arcana (CL equals the sargassum's CR), but is a mind-affecting phantasm, not a glamer. This effect ends immediately if the plant makes an attack against any target. The save DC is Charisma-based.",,,NULL,,NULL,,,0,0,0,1,0,1,1
Shambling Mound,Large,"20 ft., swim 20 ft.",2 slams +11 (2d6+5 plus grab),,constrict (2d6+7),"darkvision 60 ft., low-light vision",electricity,fire 10,,,,10 ft.,10 ft.,6,2400,,,,N,plant,,0,,"19, touch 9, flat-footed 19","(+10 natural, -1 size)",67,(9d8+27),"Fort +9, Ref +5, Will +5",9,5,5,,plant traits,,,,,,,"Str 21, Dex 10, Con 17, Int 7, Wis 10, Cha 9",,6,+12 (+16 grapple),22,"Cleave, Iron Will, Lightning Reflexes, Power Attack, Weapon Focus (slam)","Perception +11, Stealth +8 (+16 in swamps or forest), Swim +13","+4 Stealth (+12 in swamps or forests), +4 Perception","Common, Sylvan (cannot speak)",electric fortitude, temperate forest or marshes,solitary,standard,"A mass of tangled vines and dripping slime rises on two trunklike legs, reeking of rot and freshly turned earth.",,PFRPG Bestiary,0,"Electric Fortitude (Ex) Shambling mounds take no damage from electricity. Instead, any electricity attack used against a shambling mound temporarily increases its Constitution score by 1d4 points. The shambling mound loses these temporary points at the rate of 1 per hour.",,,,,,,,0,0,0,0,0,1,1
Viper Vine,Large,10 ft.,"bite +23 (2d6+8/19-20 plus 3d6 acid), 4 tentacles +21  (1d6+4 plus grab)",,"captivating cloud, constrict (1d6+8)","low-light vision, tremorsense 60 ft.","acid, plant traits",,cold lethargy,,,10 ft.,10 ft. (20 ft. with tentacle),13,25600,,,,N,plant,,8,,"27, touch 14, flat-footed 22","(+4 Dex, +1 dodge, +13 natural, -1 size)",190,(20d8+100),"Fort +16, Ref +12, Will +6",16,12,6,,,,,,,,,"Str 26, Dex 19, Con 19, Int 1, Wis 10, Cha 6",,15,+24 (+28 grapple),39 (can't be tripped),"Combat Reflexes, Dodge, Improved Critical (bite), Improved Initiative, Lightning Reflexes, Multiattack, Power Attack, Toughness, Weapon Focus (bite), Weapon Focus (tentacle)","Perception +13, Stealth +13",,,, temperate or warm forests or swamps,solitary,incidental,"Large tendrils ending in tiny claws unfurl from the central stalk of this plant, which rises like a serpent ready to strike.",,PFRPG Bestiary 2,0,"Captivating Cloud (Su) Once per day as a swift action, a viper vine can emit a transparent cloud of pollen in a 60-foot spread that has the power to lull the minds of those that smell it. Once activated, the cloud persists for 5 rounds unless dispersed by moderate or stronger wind. All creatures in the cloud must succeed on a DC 24 Will saving throw each round or become captivated. Once a creature becomes captivated, it takes no actions save to approach the viper vine via the most direct route possible. If this path leads it into a dangerous area, such as through fire or off a cliff, that creature receives a second saving throw to end the effect before moving into peril. A victim that is attacked by the viper vine gets a new saving throw as a free action during each of the vine's attacks to overcome the effect. This is a mind-affecting effect. The save DC is Constitution-based.  Cold Lethargy (Ex) Exposure to any cold effect slows a viper vine (as a slow spell) for 1d4 rounds.",,,,,,,,0,0,0,0,0,0,1
Basidirond,Medium,20 ft.,slam +10 (1d8+7 plus spores),,"hallucination cloud, spores","low-light vision, tremorsense","cold, plant traits",,cold lethargy,,,5 ft.,5 ft.,5,1600,,,,N,plant,,1,,"18, touch 11, flat-footed 17","(+1 Dex, +7 natural)",52,(7d8+21),"Fort +8, Ref +3, Will +2",8,3,2,,,,,,,,,"Str 20, Dex 13, Con 16, Int -, Wis 11, Cha 1",,5,10,21 (25 vs. trip),,,,,, any non-cold underground,"solitary, pair, or grove (3-8)",incidental,"This strange plant consists of four spidery stalks, long green tendrils, and an inverted bell-shaped cap filled with spores.",,PFRPG Bestiary,0,"Hallucination Cloud (Ex) As a standard action once per minute, a basidirond can release a cloud of invisible spores in a 20-foot radius. All creatures within the area must succeed on a DC 16 Fortitude save or be affected by powerful hallucinations as long as they remain in the cloud plus 1d4 rounds after leaving the area. A new save must be made each round a creature remains within the affected area. A hallucination cloud persists for 5 rounds before dispersing-a strong wind causes it to disperse immediately. The save DC is Constitution-based. To determine what hallucination is suffered each round, roll 1d6 and consult the following table.  d6 Hallucination 1 You're sinking in quicksand! Fall prone and spend 1 round flailing your arms and legs as if trying to swim.  2 Attacked by a swarm of spiders! Spend a full round action to attack the floor near you with your weapon.  3 An item you hold has turned into a viper! Drop it and flee from the item at top speed for 1 round.  4 You're suffocating! Stand in place, hold your breath, and clutch at your throat for 1 round.  5 You've shrunk to 1/10th your normal size! Take no actions for 1 round and monsters won't see you.  6 You're melting! Grasp hold of yourself in an attempt to hold yourself together, and take no actions for 1 round.  Spores (Ex) Any creature struck by a basidirond's slam attack is coated with spores. The creature struck must make a DC 16 Fortitude save or these spores take root in his flesh, and particularly in his lungs. The save DC is Constititonbased.  Basidirond Spores: Disease-inhaled; save Fort DC 16; frequency 1/round for 6 rounds; effect 1d2 Con damage; cure 1 save.  Cold Lethargy (Ex) Although a basidirond is immune to cold damage, any cold effect it is exposed to slows it for 1d4 rounds. During this time, the basidirond cannot use its hallucination cloud or spores.",,,,,,,,0,0,0,0,0,0,1
Boruta,Medium,30 ft.,2 claws +13 (1d4+3 plus grounding curse),,,low-light vision,"electricity, plant traits",,,,,5 ft.,5 ft.,9,6400,,,,N,plant,,6,,"23, touch 13, flat-footed 20","(+2 Dex, +1 dodge, +10 natural)",105,(14d8+42),"Fort +12, Ref +6, Will +7",12,6,7,,,,,Spell-Like Abilities (CL 7th; concentration +10)  Constant-pass without trace  At Will-entangle (DC 14)  3/day-command plants (DC 17)  1/day-summon nature's ally V (1 shambling mound only),,"Spells Prepared (CL 7th; concentration +10)  4th-spike stones (DC 17)  3rd-call lightning (2, DC 16), plant growth  2nd-fog cloud, soften earth and stone, tree shape, wood shape (DC 15)  1st-calm animals, detect animals or plants, goodberry, magic fang, speak with animals  0-create water, detect magic, detect poison, know direction, mending",,"Str 17, Dex 15, Con 16, Int 13, Wis 17, Cha 16",,10,13,26,"Combat Casting, Combat Reflexes, Dodge, Improved Initiative, Improved Iron Will, Mobility, Natural Spell","Perception +20, Stealth +19, Survival +17",,"Common, Sylvan","treespeech, wild shape", any,"solitary, party (2-4), or band (2-4 borutas plus 1-3 shambling mounds)",none,"Piercing yellow eyes gaze from the mossy skull of this ivy-covered skeleton. Where bones should be, gnarled roots grow, and tangles of vines hang from its moldering chest like spilt viscera.",,AP 44,0,"Electric Fortitude (Ex) Borutas take no damage from electricity.  Instead, any electricity attack used against a boruta temporarily increases its Constitution score by 1d4 points. The boruta loses these temporary points at the rate of 1 per hour.  Grounding Curse (Su) Any living creature that takes damage from a boruta's claws must make a DC 20 Fortitude save or have hundreds of tiny seed pods injected into its body.  These seeds grow rapidly; they explode through the victim's skin on its next turn, dealing 1d6 points of damage and entangling it as runners and vines grow from its flesh and root themselves in the ground. The victim cannot move unless it makes a DC 10 Strength check to tear the plants from the ground, but doing so also deals 1d4 points of damage to the victim. This effect lasts for 10 minutes.  Remove curse, blight, diminish plants, and similar spells instantly end this effect. The save DC is Constitution-based.  Treespeech (Ex) A boruta has the ability to converse with plants as if subject to a continual speak with plants spell, and most plants greet them with an attitude of friendly or helpful.  Wild Shape (Su) A boruta can wild shape three times per day as a 7th-level druid. In any form a boruta takes, its appearance remains plantlike, with wooden features and leaves rather than fur or feathers.",,,,,,,,0,0,0,0,0,0,1
Cerebric Fungus,Medium,30 ft.,"bite +5 (1d6+2), 2 tendrils +3 (1d4+1 plus pull)",,"pull (tendril, 5 ft.), star-shriek","darkvision 60 ft., low-light vision",plant traits,cold 5,vulnerable to sonic,fast healing 2,,5 ft.,5 ft. (15 ft. with tendrils),3,800,,,,N,plant,,4,"unsettling appearance (60 ft., DC 14)","15, touch 10, flat-footed 15",", +5 natural)",30,(4d8+12),"Fort +7, Ref +1, Will +6",7,1,6,,otherworldly mind,,,"Spell-Like Abilities (CL 4th; concentration +6)  Constant-detect thoughts (DC 14)   At Will-touch of madness (DC 14)   3/day-calm emotions (DC 14), touch of idiocy (DC 14)",,,,"Str 14, Dex 11, Con 16, Int 15, Wis 20, Cha 15",,3,5,15 (21 vs. trip),"Improved Initiative, Multiattack","Bluff +6, Diplomacy +6, Perception +12, Stealth +7",,telepathy 100 ft.,, any,"solitary, pair, or colony (3-12)",standard,"A swollen, brainlike bulb encrusted with fungal shelves squats atop several ropy legs. A wide mouth bisects the bulb's crown.",,PFRPG Bestiary 3,0,"Otherworldly Mind (Ex) Any creature attempting to contact a cerebric fungus's mind or read its thoughts with a divination spell or similar ability must succeed at a DC 16 Will save or be overwhelmed by the alien thoughts in the creature's head. Those who fail take 1d6 points of nonlethal damage and are confused for 1d6 rounds, and the divination effect immediately ends. The save is Charisma-based and includes a +2 racial bonus.  Star-Shriek (Ex) Once per day as a full-round action, a cerebric fungus can unleash a shrill scream of madness. All creatures (except other cerebric fungi) within 30 feet must make a DC 15 Will save or be nauseated for 1d4 rounds. This is a sonic, mind-affecting effect. The save DC is Constitution-based.  Touch of Madness (Sp) The cerebric fungus may daze one living creature by making a successful touch attack. The target creature must succeed at a DC 14 Will save, or it becomes dazed for 1 round per caster level (4 rounds for most cerebric fungi). The dazed subject is not stunned (so attackers get no special advantage against it). This is a mind-affecting enchantment, equivalent to a 2nd-level spell.  Unsettling Appearance (Su) A cerebric fungus constantly scans the minds of those around it, projecting around itself a confusing collage of images gleaned from their thoughts. Creatures within 60 feet that can see the fungus must succeed at a DC 14 Will save or take a -2 penalty on attack rolls. This is a mind-affecting effect. The save DC is Charisma-based.",,,NULL,,NULL,,,0,0,0,0,0,0,1
Living Topiary,Medium,30 ft.,2 slams +6 (1d6+4),,,"darkvision 60 ft., low-light vision",plant traits,,vulnerability to fire,,5/slashing,5 ft.,5 ft.,4,1200,,,,N,plant,,6,,"16, touch 12, flat-footed 14","(+2 Dex, +4 natural)",42,(5d8+20),"Fort +10, Ref +3, Will +1",10,3,1,,,,,Spell-Like Abilities (CL 5th) Constant-pass without trace 3/day-hedge stride (see below),,,,"Str 17, Dex 14, Con 19, Int 6, Wis 10, Cha 9",,3,6,18 (22 vs. trip),"Great Fortitude, Improved Initiative, Power Attack","Escape Artist +8, Perception +6, Stealth +9 (+15 in undergrowth)","+8 Escape Artist, +2 Stealth (+8 in undergrowth)","Common, Sylvan (cannot speak)","assimilate, move through hedges, shapeshift", any land,"solitary, garden (2-4), or boscage (5-7)",none,"Shuff ling forward on brambly limbs, this walking green hedge has the rough shape of a griffin and appears to move on its own.",,AP 47,0,"Assimilate (Ex) As a full-round action, a living topiary can consume any undergrowth or bushy plant matter it is currently touching and then incorporate that matter into its own form. The topiary can do this at a rate of 5 cubic feet per round, healing 1d8 points of damage when it does so. If the living topiary is at maximum hit points, this ability has no effect. Hedge Stride (Sp) This ability functions as tree stride, but rather than allowing for teleportation from tree to tree, it permits the living topiary to teleport from one area of brush or hedges to another area of similar vegetation within 1,500 feet. A living topiary can use this ability three times per day. Move through Hedges (Ex) A living topiary may move through any solid object made of brambles or thick, porous plants without penalty. It must begin and end its turn outside of the object. Sculpt Shape (Ex) As a standard action, a living topiary can alter itself to take on the basic form of any creature. The change is purely cosmetic, and does not change its size, grant it any special powers, or alter its abilities.",,,,,,,,0,0,0,0,0,0,1
Mi-Go,Medium,"30 ft., fly 50 ft. (good)",4 claws +10 (1d4+3 plus grab),,"evisceration, sneak attack +2d6","blindsight 30 ft., low-light vision","cold, plant traits","electricity 10, fire 10",,,5/slashing,5 ft.,5 ft.,6,2400,,,,NE,plant,,5,,"20, touch 16, flat-footed 14","(+5 Dex, +1 dodge, +4 natural)",66,(7d8+35),"Fort +10, Ref +7, Will +4",10,7,4,,,,,,,,,"Str 16, Dex 20, Con 21, Int 25, Wis 14, Cha 15",,5,+8 (+12 grapple),24 (32 vs. trip),"Combat Reflexes, Deceitful, Dodge, Weapon Finesse","Bluff +18, Disable Device +12, Disguise +18, Fly +9, Heal +9, Knowledge (arcana) +14, Knowledge (geography) +14, Perception +12, Spellcraft +14, Stealth +15","Bluff +4, Disguise +4","Aklo, Common, Mi-Go; cannot speak","deceptive, item creation, no breath, starflight", any,"solitary, pair, scouting party (3-8), or invasion (9-16)",double,"This unnaturally graceful creature has a bulbous fungoid lump for a head, spiny insectoid wings, and a tangle of spiky, clawed legs.",,AP 46,0,"Deceptive (Ex) A mi-go is a master of deception, and gains a +4 racial bonus on Bluff and Disguise checks. Bluff and Disguise are always class skills for mi-go. Evisceration (Ex) A mi-go's claws are capable of swiftly and painfully performing surgical operations upon helpless creatures or creatures it has grappled. When a mi-go makes a successful grapple check (in addition to any other effects caused by a successful check), it inflicts its sneak attack damage on the victim. A creature that takes this damage must make a DC 18 Fortitude save or take 1d4 points of ability damage as well from the invasive surgery (the type of ability damage dealt is chosen by the mi-go at the time the evisceration occurs). The save DC is Dexterity-based. Item Creation (Ex) All mi-go possess the ability to create strange items that blur the line between magic and technology, given time and resources. This ability allows a mi-go to ignore all of the Item Creation feat requirements and spellcasting requirements for creating a magic item-the resulting item is always mi-go technology (see facing page). Mi-go can use the Heal skill to craft mi-go technology. When a mi-go uses this ability to craft an item, it must use a larger amount of strange ingredients and expendable resources-this effectively doubles the gp cost to create the item. No Breath (Ex) A mi-go does not breathe, and is immune to effects that require breathing (such as inhaled poison). This does not give immunity to cloud or gas attacks that do not require breathing. Starflight (Su) A mi-go can survive in the void of outer space. It flies through space at an incredible speed. Although exact travel times vary, a trip within a single solar system normally takes 3d20 months, while a trip beyond should take 3d20 years (or more, at the GM's discretion)- provided the mi-go knows the way to its destination.",,,,,,,,0,0,1,0,0,0,1
Myceloid,Medium,20 ft.,2 claws +6 (1d6+3 plus disease),,spore cloud,"darkvision 60 ft., low-light vision, scent",plant traits,"cold 10, fire 10, sonic 10",vulnerable to electricity,,5/slashing,5 ft.,5 ft.,4,1200,,,,NE,plant,,4,,"16, touch 10, flat-footed 16",", +6 natural)",37,(5d8+15),"Fort +7, Ref +1, Will +4",7,1,4,,,,,Spell-Like Ability (CL 6th; concentration +6)  1/day-spore domination (DC 14),,,,"Str 17, Dex 11, Con 16, Int 9, Wis 12, Cha 10",,3,6,16,"Improved Initiative, Iron Will, Skill Focus (Stealth)","Perception +6, Sense Motive +5, Stealth +9, Survival +5","+4 Sense Motive, +4 Survival",Undercommon; telepathy 60 ft. (myceloids and purple pox sufferers only),, any underground,"solitary, pair, band (3-24), or colony (25-250)",standard,"This shambling fungus creature bears a strong resemblance to a rotund human, but with a mushroom cap for a head.",,PFRPG Bestiary 3,0,"Disease (Su) Purple Pox: inhaled or injury; save Fort DC 15; onset 1 minute; frequency 1/day; effect 1d2 Wis and 1d2 Con damage; cure 2 consecutive saves. A creature that dies of the purple pox becomes bloated over the course of 24 hours, after which its body bursts open, releasing a fully grown myceloid. Additionally, as long as a creature takes at least 7 points of Wisdom damage from the purple pox, it must make a DC 15 Will save each day to avoid becoming affected by a lesser geas (no HD limit) that compels the sickly character to seek out the nearest myceloid colony in order to offer itself up for spore domination. The save DCs are Constitution-based.  Spore Cloud (Ex) Once per day as a standard action, a myceloid can expel a 10-foot-radius burst of spores centered on itself. This cloud persists for 1d3 rounds. Any creature caught in this cloud or that moves through it is exposed to the myceloid's purple pox disease-a creature need save only once against any one spore cloud, however, before becoming permanently immune to that particular spore cloud's effects. The spore cloud does not hamper vision.  Spore Domination (Sp) This spell-like ability functions as charm monster, but functions only against creatures currently infected with purple pox.",,,NULL,,NULL,,,0,0,0,0,0,0,1
Phantom Fungus,Medium,"20 ft., climb 20 ft.",bite +5 (2d6+3),,,"blindsight 30 ft., low-light vision, tremorsense 60 ft.",plant traits,,,,,5 ft.,5 ft.,3,800,,,,N,plant,,0,,"15, touch 10, flat-footed 15",", +5 natural)",30,(4d8+12),"Fort +7, Ref +1, Will +1",7,1,1,,phantom flesh,,,,,,,"Str 15, Dex 10, Con 16, Int 2, Wis 11, Cha 9",,3,5,15 (17 vs. trip),"Skill Focus (Perception), Skill Focus (Stealth)","Climb +10, Perception +10, Stealth +7",+4 Stealth,,, any underground,solitary or grove (2-5),incidental,Portions of this three-stalked fungoid monster's body seem to fade in and out of sight. A large maw gapes along its entire front.,,PFRPG Bestiary 3,0,"Phantom Flesh (Su) As a move action, a phantom fungus can turn invisible as if using greater invisibility (caster level 4th). A moment after it attacks with invisibility, the creature appears briefly as a semi-transparent version of its normal self. This allows any viewer with line of sight to the phantom fungus to pinpoint its location at the time of the attack (though if the creature moves after it attacks, opponents have to pinpoint it again). An opponent can ready an action to strike at the fungus when it momentarily appears, in which case the creature only has concealment instead of invisibility (20% miss chance). The fungus can turn completely visible as a move action, though it normally remains invisible all the time. If killed while invisible, it becomes visible 1d4 minutes later.",,,NULL,,NULL,,,0,0,0,1,0,0,1
Violet Fungus,Medium,10 ft.,4 tentacles +4 (1d4+1 plus rot),,,low-light vision,plant traits,,,,,5 ft.,10 ft.,3,800,,,,N,plant,,-1,,"15, touch 9, flat-footed 15","(-1 Dex, +6 natural)",30,(4d8+12),"Fort +7, Ref +0, Will +1",7,0,1,,,,,,,,,"Str 12, Dex 8, Con 16, Int -, Wis 11, Cha 9",,3,4,13,,,,,, any underground,"solitary, pair, or grove (3-12)",incidental,This mushroom grows from a bed of tentacular roots. Deep violet tendrils slither out of the dozens of fissures in its pointed cap.,,PFRPG Bestiary,0,"Rot (Ex) A creature struck by a violet fungus's tentacle must succeed on a DC 15 Fortitude save or the flesh around the point of contact swiftly begins to rot away, exposing raw bone with shocking swiftness. This hideous affliction causes 1d4 points of Strength damage and 1d4 points of Constitution damage. This is a poison effect. The save DC is Constitution-based.",,,,,,,,0,0,0,0,0,0,1
Yellow Musk Creeper,Medium,5 ft.,tendril +5 (1d4+4),,"create yellow musk zombie, pollen spray",tremorsense 30 ft.,,,,,,5 ft.,10 ft.,2,600,,,,N,plant,,2,,"14, touch 12, flat-footed 12","(+2 Dex, +2 natural)",22,(3d8+9),"Fort +6, Ref +3, Will +1",6,3,1,,plant traits,,,,,,,"Str 17, Dex 15, Con 16, Int -, Wis 11, Cha 8",,2,5,17 (can't be tripped),,,,,, temperate or warm forests and underground,patch (creeper plus 1-6 yellow musk zombies),incidental,"Coiling around several human skeletons, this wet green plant's sickly flowers smoke with a nasty yellow vapor.",,PFRPG Bestiary,0,"Create Yellow Musk Zombie (Su) As a full-round action, a yellow musk creeper can bore dozens of tendrils into the brain of a helpless creature within reach, such as a creature entranced by its pollen. This attack inflicts 1d4 points of Intelligence damage per round. When a creature is reduced to 0 Intelligence, it dies, and the tendrils break off inside its brain. One hour later, the creature animates as a yellow musk zombie (see below). Pollen Spray (Ex) As a standard action, a yellow musk creeper can spray a cloud of pollen at a single creature within 30 feet. It must make a +4 ranged touch attack to strike the target, who must then succeed on a DC 14 Will save or be entranced for 1d6 rounds. An entranced creature can take no action other than to move at its normal speed into a space within the yellow musk creeper's reach, at which point an entranced creature remains motionless and allows the creeper to insert tendrils into its brain. The save DC is Constitution-based.",,,,,,,,0,0,0,0,0,0,1
Calathgar,Small,"20 ft., climb 20 ft.","flower +7 (1d6+2 plus 1d6 cold), 2 tendrils +7 (1d4+2)",,"seed spray (15-ft. cone, 4d6 cold damage, Reflex DC 14 for half, usable every 1d4 rounds)","darkvision 30 ft., low-light vision, scent","cold, plant traits",,fire vulnerability,,,5 ft.,5 ft. (10 ft. with tendrils),4,1200,,,,N,plant,,8,,"16, touch 15, flat-footed 12","(+4 Dex, +1 natural, +1 size)",39,(6d8+12),"Fort +6, Ref +6, Will +4",6,6,4,,cold healing,,,,,,,"Str 14, Dex 19, Con 14, Int 6, Wis 15, Cha 12",,4,5,19 (21 vs. trip),"Blind-Fight, Combat Reflexes, Improved Initiative",Stealth +17,,Sylvan (cannot speak),mold mulch, cold forests,"solitary, growth (2-8), garden (9-25)",standard,The acrid scent of vinegar wafts from this shield-sized blossom. Amid shocking blue petals slowly twitches a cluster of sharp stamens arranged like a ring of teeth within a leafy muzzle.,,AP 34,0,"Cold Healing (Ex) Calathgars are healed by cold. Anytime a calathgar is subjected to cold damage, it regains 1 hit point (regardless of the amount of cold damage dealt). When in areas of severe cold (such as arctic regions or near brown mold), a calathgar gains fast healing 1. Mold Mulch (Ex) Upon being reduced to 0 hit points, a calathgar withers and swiftly decays, transforming into a 5-foot patch of brown mold. If a calathgar is killed by fire, the mold immediately grows into a 10-foot patch. If it is killed in a space already occupied by brown mold, that mold patch doubles in size just as though fire had been brought near. The area within 30 feet of brown mold is cold enough to activate a calathgar's cold healing and the persistent effect of its seed spray. Brown mold deals 3d6 points of nonlethal cold damage to all creatures within 5 feet of it. See page 416 of the Pathfinder RPG Core Rulebook for additional details. Seed Spray (Ex) Once every 1d4 rounds, up to 3 times per day, a calathgar can expel a blast of thorny, frozen seeds in a 15-foot cone. All creatures in this area take 4d6 points of cold damage (Reflex DC 15 for half ). In frigid climes-areas where the temperature is 40 degrees or colder-these seeds cling to those they strike, dealing an additional 1d6 points of cold damage on the following round. The save DC is Constitution-based.",,,,,,,,0,0,0,1,0,0,1
Fungus Leshy,Small,20 ft.,bite +1 (1d6-1),puffball +4 (1 plus spores),spores,"darkvision 60 ft., low-light vision","electricity, sonic, plant traits",,,,,5 ft.,5 ft.,2,600,,,,N,plant,(leshy),2,,"13, touch 13, flat-footed 11","(+2 Dex, +1 size)",15,(2d8+6),"Fort +6, Ref +2, Will +2",6,2,2,,,,,Spell-Like Abilities (CL 4th; concentration +6) Constant-pass without trace,,,,"Str 8, Dex 15, Con 16, Int 7, Wis 14, Cha 15",,1,-1,11 (15 vs. trip),Blind-Fight,"Stealth +6 (+10 in swamps or underground), Survival +2 (+6 in swamps or underground)",+4 Stealth and +4 Survival in swamps or underground,Sylvan; plantspeech (molds and fungi),"change shape (Small plant, tree shape), verdant burst", any swamp or underground,solitary or cluster (2-16),standard,"A mushroom come to life trundles forward on multiple ungainly stumps. Uneven, growth-like eyes dot its thick mushroom cap, while below works an overlarge maw set with pale fungal teeth.",Leshy,AP 34,0,"Change Shape (Su) All leshys can transform into plants, which works similarly to the spell tree shape. Unlike the spell, however, these plants are always Small and appear to be of the same type of growth the leshy is related to. The plant a leshy transforms into always looks the same and, despite being Small, is typically unusually large for a plant of its size. It is a swift action for a leshy to turn into or from a plant. Fungus leshys commonly turn into large mushrooms, puffballs, polypores, earthstars, or clumps of mold. Plantspeech (Ex) All leshys can speak with plants as if subject to a continual speak with plants spell, but only with species they're related to. Fungus leshys can communicate with molds and fungi as if they were plants. Spores (Ex) A fungus leshy is riddled with molds and spores. Anytime a fungus leshy takes damage, a cloud of spores bursts from its body, forcing all adjacent creatures to make a DC 14 Fortitude save or have their vision reduced to 10 feet for 1 minute. Spending a full-round action to wash one's eyes with water ends this effect. A fungus leshy may also spit a puffball riddled with spores as a ranged attack. The save DC is Constitution-based. Verdant Burst (Su) When slain, a fungus leshy explodes in a burst of fertile energies. All plant creatures within 30 feet of the slain leshy heal 1d8 points of damage. All normal plants in the area are affected as per the enrichment aspect of the spell plant growth (CL 4th).",,,,,,,,0,0,0,0,0,0,1
Fungus Leshy,Small,20 ft.,"bite +2 (1d6), 2 claws +2 (1d3)",puffball +4 (1 plus spores),spores,"darkvision 60 ft., low-light vision","electricity, sonic, plant traits",,,,,5 ft.,5 ft.,2,600,,,,N,plant,"(leshy, shapechanger)",2,,"13, touch 13, flat-footed 11","(+2 Dex, +1 size, +0 natural)",15,(2d8+6),"Fort +6, Ref +2, Will +2",6,2,2,,,,,Spell-Like Abilities (CL 4th; concentration +6)  Constant-pass without trace,,,,"Str 10, Dex 15, Con 16, Int 7, Wis 14, Cha 15",,1,0,12,Blind-Fight,"Stealth +10 (+14 in swamps and underground), Survival +3 (+7 in swamps and underground)",+4 Stealth and Survival in swamps and underground,"Druidic, Sylvan; plantspeech (fungi)","change shape (Small fungus; tree shape), verdant burst", any swamp or underground,solitary or cluster (2-16),standard,"Mismatched eyes dot this plant creature's thick mushroom cap, while below works an overlarge maw set with pale fungal teeth.",Leshy,PFRPG Bestiary 3,0,"Puffball (Ex) A fungus leshy can spit a puffball as a standard action. If it hits, this attack deals 1 point of damage (this damage is not modified by Strength) and affects the target struck (but not adjacent targets) with the fungus leshy's spores. The puffball has a range increment of 20 feet.  Spores (Ex) A fungus leshy is riddled with molds and spores. Anytime a fungus leshy takes damage, a cloud of spores bursts from its body, forcing all adjacent creatures to make a DC 14 Fortitude save or have their vision reduced to 10 feet for 1 minute. Spending a full-round action to wash one's eyes with water ends this effect. The save DC is Constitution-based.",,,NULL,,NULL,,,0,0,0,0,0,0,1
Gourd Leshy,Small,20 ft.,slam -1 (1d3-2 plus ensnare),seed +3 (1 plus ensnare),sneak attack +1d6,"darkvision 60 ft., low-light vision","electricity, sonic, plant traits",,,,,5 ft.,5 ft.,1,400,,,,N,plant,"(leshy, shapechanger)",2,,"13, touch 13, flat-footed 11","(+2 Dex, +1 size, +0 natural)",9,(1d8+5),"Fort +4, Ref +2, Will +0",4,2,0,,,,,Spell-Like Abilities (CL 2nd; concentration +4)  Constant-pass without trace,,,,"Str 6, Dex 15, Con 14, Int 6, Wis 11, Cha 15",,0,-3,9,Toughness,"Perception +4, Stealth +6 (+10 in plains and undergrowth), Survival +0 (+4 in plains and undergrowth)",+4 Stealth and Survival in plains and undergrowth,"Druidic, Sylvan; plantspeech (gourds)","change shape (Small gourd; tree shape), keepsake, verdant burst", any hills or plains,solitary or patch (2-16),standard,This little plant man walks on legs like tangled vines and has a pumpkin carved with eyes and a mouth for a head.,Leshy,PFRPG Bestiary 3,0,"Ensnare (Ex) The seeds and slam attack of a gourd leshy entangle the target in vines for 2d4 rounds unless the target makes a DC 12 Reflex save. The target can attempt to burst these entangling vines before the duration expires with a DC 12 Strength check as a full-round action. The save and burst DCs are Constitution-based.  Keepsake (Su) Gourd leshys can pop off the top of their heads and store a single Fine-sized object such as a dagger or potion inside While within the leshy's head, the item is warded by nondetection. In addition, after 24 hours, the item within is cleaned and polished, and, if damaged, repaired as if by a mending spell. Both spell effects have a caster level equal to twice the leshy's Hit Dice (CL 2nd for most gourd leshys).  Seed (Ex) A gourd leshy can hurl its seeds as a ranged attack. If it hits, this attack deals 1 point of damage (this damage is not modified by Strength) and affects the target with the gourd leshy's ensnare ability. This attack has a 10-foot range increment.",,,NULL,,NULL,,,0,0,0,0,0,0,1
Leaf Leshy,Small,"20 ft., climb 10 ft., fly 10 ft. (clumsy)",shortspear +2 (1d4-2/19-20),seedpods +2 touch (1 plus deafen),,"darkvision 60 ft., low-light vision","electricity, sonic, plant traits",,,,,5 ft.,5 ft.,1/2,200,,,,N,plant,"(leshy, shapechanger)",1,,"13, touch 12, flat-footed 12","(+1 armor, +1 Dex, +1 size)",5,(1d8+1),"Fort +3, Ref +1, Will +1",3,1,1,,,, glide,Spell-Like Abilities (CL 2nd; concentration +3)  Constant-pass without trace,,,,"Str 6, Dex 13, Con 12, Int 5, Wis 12, Cha 13",,0,-3,8,Weapon Finesse,"Fly -1, Stealth +5 (+9 in forests and jungles), Survival +1 (+5 in forests and jungles)",+4 Stealth and Survival in forests and jungles,"Druidic, Sylvan; plantspeech (trees)","change shape (Small tree; tree shape), verdant burst", any forest or hill,solitary or grove (2-16),standard,"This little plant person is clad in a winglike leaf cloak and pinecone armor, wielding a twig as a makeshift spear.",Leshy,PFRPG Bestiary 3,0,"Glide (Ex) A leaf leshy cannot use its fly speed to hover. When flying, a leaf leshy must end its movement at least 5 feet lower in elevation than it started.  Seedpods (Ex) Leaf leshys sprout explosive acorns, pine cones, or other seedpods, and can hurl these as ranged attacks. A seedpod has a range increment of 10 feet and detonates on contact to deal 1 point of bludgeoning damage (this damage is not modified by Strength). Anyone struck by a seedpod must succeed at a DC 11 Fortitude save or be deafened for 1 round. The save DC is Constitution-based.",,,NULL,,NULL,,,0,0,1,1,0,0,1
Mandragora,Small,"40 ft., burrow 10 ft., climb 40 ft.","bite +8 (1d6+2 plus grab), 2 slam +8 (1d4+2 plus poison)",,"blood drain (1d2 Constitution), shriek",low-light vision,plant traits,"acid 5, cold 5, electricity 10",vulnerable to supernatural darkness,,,5 ft.,5 ft. (10 ft. with slam),4,1200,,,,CE,plant,,4,,"17, touch 15, flat-footed 13","(+4 Dex, +2 natural, +1 size)",37,(5d8+15),"Fort +7, Ref +7, Will +2",7,7,2,,,,,,,,,"Str 15, Dex 18, Con 17, Int 8, Wis 13, Cha 10",,3,+4 (+8 grapple),18,"Lightning Reflexes, Skill Focus (Perception), Weapon Finesse","Climb +10, Perception +9, Stealth +14 (+22 in vegetation)",+8 Stealth in vegetation,"Abyssal, Common",, cold or temperate forests,"solitary, pair, or grove (3-12)",standard,"This filthy creature resembles a small, wide-mouthed fat child made from leaves, vines, tree bark, dirt, and pallid tubers.",,PFRPG Bestiary 2,0,"Poison (Ex) Slam-injury; save Fort DC 15; frequency 1/round for 4 rounds; effect confusion and fatigue; cure no saves but act normally result on the confusion behavior table ends the effect.  Shriek (Su) Once per day as a standard action, a mandragora can give voice to an unsettling shriek. All creatures within a 30-foot spread of a shrieking mandragora must make a DC 15 Will save or become nauseated for 1d4 rounds. This is a sonic, mind-affecting ability. The save DC is Constitution-based.  Vulnerable to Supernatural Darkness (Ex) In areas of supernatural darkness (such as those created by deeper darkness, but not by darkness), a mandragora is slowed, as the slow spell.",,,,,,,,0,0,0,1,1,0,1
Mindslaver Mold,Small,"5 ft., climb 5 ft.",,spore pod +7 touch (spores),"infestation, spores",low-light vision,"cold, plant traits",acid 10,,fast healing 2,,5 ft.,5 ft.,3,800,,,,NE,plant,,7,,"15, touch 15, flat-footed 11","(+3 Dex, +1 dodge, +1 size)",30,(4d8+12),"Fort +7, Ref +4, Will +2",7,4,2,,avoidance,14,,Spell-Like Abilities (CL 8th; concentration +9)   1/day-dominate person (DC 15),,,,"Str 2, Dex 17, Con 17, Int 14, Wis 12, Cha 13",,3,-2,12 (can't be tripped),"Dodge, Improved Initiative","Climb +8, Escape Artist +7, Perception +8, Stealth +14",,"Aklo, Common, Sylvan (cannot speak); mold mindlink",, any,solitary or infestation (2-10),incidental,A thick sheet of filthy green fungus grows in twisting patterns across the shoulders and back of this feral-looking man.,,Lands Of The Linnorm Kings,0,"Avoidance (Ex) When a mindslaver mold is infesting living or undead creature, it can make a Reflex save as an immediate action to completely avoid an attack that would normally have hit it. This attack instead harms the infested creature-the mold effectively slithers out of the way of the incoming attack so that the blow strikes the creature it controls. The mindslaver mold must choose to attempt avoidance after the attack roll is resolved but before damage is rolled.  Infestation (Su) A mindslaver mold can climb onto and attach itself to a willing or helpless host as a standard action. As long as the mold infests its host, the mold shares the same 5-foot-square with its host's space; this does not negatively impact the host or the mold. As long as a mindslaver mold infests a host, the host takes a -4 penalty on all Will saves made against the mindslaver mold's dominate person spell-like ability, and the duration of that spell-like ability on the host becomes permanent as long as the mold remains attached. Each day, an attached mindslaver mold deals 1d4 points of damage to its host as it feeds on the host's blood and other bodily fluids. A mindslaver mold can be torn free of a host with a DC 15 Strength check as a standard action-doing so deals 2d6 points of damage as the mold's tendrils tear free. A dead mindslaver mold deals no damage when it is so removed.  Mold Mindlink (Su) A mindslaver mold can communicate telepathically with any other mindslaver mold within 10 miles, and knows the condition of all other mindslaver molds in this area as if it had a status spell in effect on all other molds.  Spore Pod (Ex) A mindslaver mold's sole physical attack is to launch a spore pod the size of a sling bullet. This is a ranged touch attack that has a range increment of 20 feet.  Spores (Su) Whenever a mindslaver mold hits a creature with its spore pod, or whenever a creature touches a mindslaver mold (including when a creature hits the mold with a touch attack, unarmed strike, or natural attack), the creature must make a DC 15 Fortitude save to avoid taking 1d4 points of Wisdom damage as the mold's spores swiftly drain away the victim's willpower and sense of self. The save DC is Constitution-based.",,,,,,,,0,0,0,1,0,0,1
Phycomid,Small,10 ft.,,acid pellet +4 touch (2d6 acid plus spores),,tremorsense 30 ft.,"acid, plant traits",,,,,5 ft.,5 ft.,4,1200,,,,N,plant,,0,,"17, touch 11, flat-footed 17",", +6 natural, +1 size)",39,(6d8+12),"Fort +7, Ref +2, Will +2",7,2,2,,,,,,,,,"Str 5, Dex 10, Con 15, Int -, Wis 11, Cha 1",,4,0,10 (can't be tripped),,,,,, any underground,solitary or infestation (2-8),incidental,"This tangle of purple-capped mushrooms growing out of a nasty green sludge shudders and writhes, wafting tendrils of smoke.",,PFRPG Bestiary 2,0,"Acid Pellet (Ex) A phycomid attacks by firing a glob of acid from one of its several mushroom-like stalks. This attack has a range increment of 10 feet. A phycomid can fire up to six acid pellets per minute-during rounds in which the fungus has no acid pellets, it has no method of attacking at all and must wait until its acid stores replenish in 4 rounds before continuing a battle.  Spores (Ex) Any creature that takes damage from a phycomid's acid pellet (or consumes even a small portion of the fungus) becomes exposed to the fungus's spores. These spores grow quickly in living creatures. This affliction is a disease effect, although its course runs much faster than most diseases and is more poison-like in its speed, and like a poison, the spores burn out after a short period. A creature that is slain by a phycomid spore infestation bursts open in 1d4 rounds as a fully grown new phycomid emerges.  Phycomid Spores: Disease-injury or ingested; save Fort DC 15; frequency 1/round for 6 rounds; effect 1d2 Con damage; cure 1 save. The save DC is Constitution-based.",,,,,,,,0,0,0,0,0,0,1
Seaweed Leshy,Small,"20 ft., swim 20 ft.",slam +4 (1d6),water jet +5 (1 plus blind),sneak attack +1d6,"darkvision 60 ft., low-light vision","electricity, sonic, plant traits",,,,,5 ft.,5 ft.,3,800,,,,N,plant,"(aquatic, leshy, shapechanger)",1,,"15, touch 12, flat-footed 14","(+1 armor, +1 Dex, +2 natural, +1 size)",30,(4d8+12),"Fort +6, Ref +2, Will +3",6,2,3,,,,,"Spell-Like Abilities (CL 8th; concentration +9)  Constant-pass without trace  1/day-entangle (in water only, DC 12)",,,,"Str 10, Dex 13, Con 14, Int 9, Wis 15, Cha 12",,3,2,13,"Ability Focus (water jet), Toughness","Perception +7, Stealth +9 (+13 in water), Survival +3 (+7 in water), Swim +8",+4 Stealth and Survival in water,"Druidic, Sylvan; plantspeech (seaweed)","air cyst, amphibious, change shape (Small seaweed; tree shape), verdant burst", any ocean or coastline,solitary or patch (2-16),standard,This vaguely humanoid plant creature has a body formed of soggy green seaweed and wears crude armor made from seashells.,Leshy,PFRPG Bestiary 3,0,"Air Cyst (Su) Seaweed leshys constantly grow small bulbs filled with air. As a move action, they can detach a bulb and give it to another creature. If consumed as a standard action, this air cyst grants water breathing (as the spell) for 10 minutes. Seaweed leshys can have a maximum of four usable air cysts at any one time, and air cysts regrow at a rate of one per 24 hours.  Water Jet (Ex) A seaweed leshy can expel a high-pressure jet of water from its mouth to a range of 30 feet. It must make a ranged touch attack to strike a target-if it hits, the blast deals 1 point of bludgeoning damage (this damage is not modified by Strength). In addition, the creature hit must make a DC 15 Fortitude save or be blinded by the water for 1 round. The save DC is Dexterity-based.",,,NULL,,NULL,,,0,0,0,0,0,1,1
Vegepygmy,Small,30 ft.,2 claws +1 (1d4) or longspear +1 (1d6),,,"darkvision 60 ft., low-light vision",electricity,,,,5/slashing or bludgeoning,5 ft.,5 ft.,1/2,200,,,,N,plant,,2,,"16, touch 13, flat-footed 14","(+2 Dex, +3 natural, +1 size)",5,(1d8+1),"Fort +3, Ref +2, Will +0",3,2,0,,plant traits,,,,,,,"Str 11, Dex 14, Con 12, Int 8, Wis 11, Cha 11",,0,-1,11,Skill Focus (Perception),"Perception +7, Stealth +10 (+18 in vegetation)",+4 Stealth (+12 in vegetation),"Undercommon, Vegepygmy (cannot speak)",, any underground,"solitary, gang (2-6), or tribe (7-30 plus 1 chieftain)","standard (longspear, other treasure)","Short, thin, and green, this small humanoid wields a spear. Tendrils of fungus dangle from its arms, midsection, and legs.",,PFRPG Bestiary,0,,,,,,,,,0,0,0,0,0,0,1
Xtabay,Small,5 ft.,2 stings +0 (1d3-1 plus 1d2 acid),,"devour, soporific pollen","low-light vision, tremorsense 30 ft.","acid, plant traits",,,,,5 ft.,5 ft.,1/2,200,,,,N,plant,,1,,"12, touch 12, flat-footed 10","(+1 Dex, +1 size)",8,(1d8+4),"Fort +6, Ref +1, Will +1",6,1,1,,,,,,,,,"Str 8, Dex 13, Con 19, Int -, Wis 12, Cha 11",,0,-2,9 (can't be tripped),,,,,, any land,"solitary, pair, copse (3-5), or garden (6-12)",none,"This patch of vines is ornamented with beautiful crimson and violet flowers, the petals of which seem to bear tiny faces.",,PFRPG Bestiary 2,0,"Devour (Ex) While a creature is under the effects of a xtabay's soporific pollen, the plant may, as a full-round action, occupy the same square as the sleeping creature and slowly sap the life from it. Every round the xtabay uses this ability, the affected creature must make a DC 14 Fortitude save or take 1d2 Con damage. This feeding is curiously painless, and normally isn't enough to waken a foe put to sleep by the plant. Each round this feeding continues, the sleeping victim can attempt a new DC 14 Will save to awaken. This save DC is Constitution-based.  Soporific Pollen (Ex) As a standard action, a xtabay can release sleep-inducing pollen into the air around it. Each creature within a 10-ft.-radius burst centered on the xtabay must make a DC 14 Will save or fall asleep for 1d3 minutes. A creature that succeeds on the Fortitude save cannot be affected by the same xtabay's soporific pollen for 24 hours. A creature put to sleep by this pollen can be awakened by vigorously shaking the sleeper (a standard action) or by damaging it. This is a mind-affecting sleep effect. The save DC is Constitution-based.  Known for their potent-and ultimately deadly-scent, xtabays are a f loral hazard to the unwary. As fast-spreading as ivy, a xtabay's vines are sturdy and adaptive, making the plant a potential threat nearly everywhere-from gardens to wells to forest groves.",,,,,,,,0,0,0,0,0,0,1